iter	Logloss
0	0.5369446517
100	0.1511048143
200	0.1365580905
