iter	Logloss
0	0.5369446517
100	0.1511048143
200	0.1365580905
300	0.127646119
400	0.1212760423
500	0.1154619345
600	0.1112548588
