iter	Logloss
0	0.5139527511
100	0.1318063563
200	0.1127653824
300	0.1011914389
400	0.0918481241
500	0.08447400381
600	0.07794935102
700	0.07167789632
800	0.0660749701
900	0.06144202823
999	0.05685225406
